{
  "libraryName": "Central Library",
  "address": "123 Main St, Alexandra, DE 12345",
  "librarians": [
    {
      "name": "Hypatia",
      "age": 42,
      "email": "hypatia@email.com",
      "phonenumber": 1234567890,
      "employeeId": "L001",
      "department": "",
      "salary": 45000
    }
  ],
  "members": [
    {
      "name": "Alice Johnson",
      "age": 25,
      "email": "alice@email.com",
      "phonenumber": 5551234,
      "memberId": "M001",
      "membershipDate": "01/01/2015",
      "borrowedItems": [
        {
        }
      ]
    },
    {
      "name": "Bob Wilson",
      "age": 42,
      "email": "bob@email.com",
      "phonenumber": 5554321,
      "memberId": "M002",
      "membershipDate": "02/02/2015",
      "borrowedItems": [
        {
        }
      ]
    }
  ],
  "books": [
    {
      "id": "B001",
      "title": "Java Programming",
      "location": "A1",
      "author": "John Doe",
      "isbn": "978-1234567890",
      "pages": 500,
      "genre": "Programming"
    },
    {
      "id": "B002",
      "title": "Data Structures",
      "location": "A2",
      "author": "Jane Smith",
      "isbn": "978-0987654321",
      "pages": 400,
      "genre": "Computer Science"
    }
  ],
  "periodicals": [
    {
      "id": "P001",
      "title": "Byte",
      "location": "P1",
      "publisher": "McGraw-Hill, Inc.",
      "issn": "0360-5280",
      "volume": 6,
      "issueNumber": 8,
      "publicationDate": "08/01/1981"
    },
    {
      "id": "P002",
      "title": "Dr. Podd's Journal",
      "location": "P2",
      "publisher": "M&T Publishing, Inc.",
      "issn": "0278-6508",
      "volume": 10,
      "issueNumber": 6,
      "publicationDate": "06/01/1985"
    }
  ],


  "movies": [
    {
      "id": "D001",
      "genre": "Sci-Fi",
      "location": "D1",
      "director": "Wachowski Sisters",
      "duration": "136",
      "title": "The Matrix",
      "vote_average": 8.1
    },

    {
      "id": "D002",
      "genre": "[{'id': 16, 'name': 'Animation'}, {'id': 35, 'name': 'Comedy'}, {'id': 10751, 'name': 'Family'}]",
      "location": "D2",
      "duration": 81.0,
      "title": "Toy Story",
      "vote_average": 7.7
    },

    {
      "id": "D003",
      "genre": "[{'id': 12, 'name': 'Adventure'}, {'id': 14, 'name': 'Fantasy'}, {'id': 10751, 'name': 'Family'}]",
      "location": "D3",
      "duration": 104.0,
      "title": "Jumanji",
      "vote_average": 6.9
    },

    {
      "id": "D004",
      "genre": "[{'id': 10749, 'name': 'Romance'}, {'id': 35, 'name': 'Comedy'}]",
      "location": "D4",
      "duration": 101.0,
      "title": "Grumpier Old Men",
      "vote_average": 6.5
    },

    {
      "id": "D005",
      "genre": "[{'id': 35, 'name': 'Comedy'}, {'id': 18, 'name': 'Drama'}, {'id': 10749, 'name': 'Romance'}]",
      "location": "D5",
      "duration": 127.0,
      "title": "Waiting to Exhale",
      "vote_average": 6.1
    },

    {
      "id": "D006",
      "genre": "[{'id': 35, 'name': 'Comedy'}]",
      "location": "D6",
      "duration": 106.0,
      "title": "Father of the Bride Part II",
      "vote_average": 5.7
    }
  ]
}